sample	bin_low	frac
547	0.00	0.00006
547	0.05	0.03581
547	0.10	0.07530
547	0.15	0.06434
547	0.20	0.04950
547	0.25	0.04479
547	0.30	0.04615
547	0.35	0.05314
547	0.40	0.07752
547	0.45	0.06534
547	0.50	0.10112
547	0.55	0.06534
547	0.60	0.05970
547	0.65	0.03538
547	0.70	0.02714
547	0.75	0.02914
547	0.80	0.04277
547	0.85	0.05849
547	0.90	0.06875
547	0.95	0.00020
548	0.00	0.00003
548	0.05	0.03035
548	0.10	0.05978
548	0.15	0.05127
548	0.20	0.03801
548	0.25	0.03902
548	0.30	0.04696
548	0.35	0.06063
548	0.40	0.09351
548	0.45	0.08154
548	0.50	0.12707
548	0.55	0.08214
548	0.60	0.06763
548	0.65	0.03866
548	0.70	0.02563
548	0.75	0.02478
548	0.80	0.03283
548	0.85	0.04385
548	0.90	0.05617
548	0.95	0.00013
550	0.00	0.00004
550	0.05	0.04891
550	0.10	0.10726
550	0.15	0.08736
550	0.20	0.06422
550	0.25	0.05274
550	0.30	0.04183
550	0.35	0.03862
550	0.40	0.04770
550	0.45	0.03755
550	0.50	0.06027
550	0.55	0.03717
550	0.60	0.03995
550	0.65	0.02774
550	0.70	0.02547
550	0.75	0.03746
550	0.80	0.05752
550	0.85	0.08248
550	0.90	0.10553
550	0.95	0.00018
551	0.00	0.00002
551	0.05	0.04565
551	0.10	0.08919
551	0.15	0.07091
551	0.20	0.05593
551	0.25	0.04713
551	0.30	0.04144
551	0.35	0.04590
551	0.40	0.06620
551	0.45	0.05232
551	0.50	0.08744
551	0.55	0.05342
551	0.60	0.05157
551	0.65	0.02992
551	0.70	0.02451
551	0.75	0.03278
551	0.80	0.04778
551	0.85	0.07052
551	0.90	0.08723
551	0.95	0.00014
552	0.00	0.00008
552	0.05	0.03262
552	0.10	0.08311
552	0.15	0.07783
552	0.20	0.06319
552	0.25	0.05475
552	0.30	0.04775
552	0.35	0.04807
552	0.40	0.06120
552	0.45	0.04746
552	0.50	0.07784
552	0.55	0.04692
552	0.60	0.04919
552	0.65	0.03139
552	0.70	0.02807
552	0.75	0.04028
552	0.80	0.05359
552	0.85	0.07317
552	0.90	0.08327
552	0.95	0.00024
554	0.00	0.00001
554	0.05	0.01624
554	0.10	0.03247
554	0.15	0.02816
554	0.20	0.02542
554	0.25	0.03412
554	0.30	0.05064
554	0.35	0.07102
554	0.40	0.11830
554	0.45	0.10718
554	0.50	0.16410
554	0.55	0.10101
554	0.60	0.08604
554	0.65	0.04405
554	0.70	0.02532
554	0.75	0.02091
554	0.80	0.02042
554	0.85	0.02491
554	0.90	0.02965
554	0.95	0.00002
556	0.00	0.00002
556	0.05	0.01610
556	0.10	0.03593
556	0.15	0.02988
556	0.20	0.02796
556	0.25	0.03644
556	0.30	0.05141
556	0.35	0.07153
556	0.40	0.11213
556	0.45	0.09990
556	0.50	0.15533
556	0.55	0.09942
556	0.60	0.08354
556	0.65	0.04644
556	0.70	0.02697
556	0.75	0.02152
556	0.80	0.02239
556	0.85	0.02826
556	0.90	0.03477
556	0.95	0.00006
559	0.00	0.00001
559	0.05	0.01858
559	0.10	0.04422
559	0.15	0.04036
559	0.20	0.03462
559	0.25	0.03953
559	0.30	0.05102
559	0.35	0.06686
559	0.40	0.10367
559	0.45	0.09326
559	0.50	0.14138
559	0.55	0.09101
559	0.60	0.07514
559	0.65	0.04243
559	0.70	0.02674
559	0.75	0.02550
559	0.80	0.02801
559	0.85	0.03639
559	0.90	0.04119
559	0.95	0.00006
561	0.00	0.00005
561	0.05	0.02603
561	0.10	0.08013
561	0.15	0.08378
561	0.20	0.06828
561	0.25	0.05675
561	0.30	0.04879
561	0.35	0.04432
561	0.40	0.05487
561	0.45	0.04196
561	0.50	0.06675
561	0.55	0.04214
561	0.60	0.04498
561	0.65	0.03357
561	0.70	0.03143
561	0.75	0.04087
561	0.80	0.05973
561	0.85	0.08291
561	0.90	0.09187
561	0.95	0.00078
