tag	n_trees	snps	snps_all_called	mean_site_Fis	mean_Ho	Fis_ratio	Fis_ratio_corrected	expected_site_Fis
sim_hwe	9	38252	38252	-0.0599	0.3482	-0.0601	-0.0012	-0.0588
d09_masked	13	776508	417205	-0.0101	0.2346	-0.0324	0.0097	-0.0400
d20_masked	9	747709	637272	-0.1617	0.3487	-0.2309	-0.1611	-0.0588
d20_unmasked	9	2004660	1768590	-0.4261	0.5512	-0.5548	-0.4672	-0.0588
native_d20trees_masked	9	1157751	937272	-0.1411	0.3679	-0.2036	-0.1351	-0.0588
native_all13_masked	13	1218826	737825	-0.0833	0.3193	-0.1343	-0.0885	-0.0400
d20_masked_without_554_556_559	6	570938	507457	-0.1880	0.3943	-0.2786	-0.1694	-0.0909
d20_mask_current	9	747709	637272	-0.1617	0.3487	-0.2309	-0.1611	-0.0588
d20_mask_ab	9	388589	338771	-0.0786	0.3219	-0.1317	-0.0677	-0.0588
d20_mask_eh13	9	702610	600134	-0.1276	0.3192	-0.1777	-0.1110	-0.0588
d20_mask_h75	9	654717	563072	-0.0957	0.2900	-0.1256	-0.0619	-0.0588
d20_mask_win1kb	9	375814	331012	-0.0531	0.2889	-0.0732	-0.0126	-0.0588
d20_mask_win500	9	442304	388342	-0.0675	0.2912	-0.0927	-0.0310	-0.0588
d20_mask_win1kb_h75	9	359088	317175	-0.0296	0.2687	-0.0322	0.0260	-0.0588
