sample	called	Ho	homalt_rate	het_calls_ab	frac_skewed_ab	median_alt_frac	F_vcftools	outlier_Ho_3MAD
547	303555	0.1814	0.4007	54277	0.2247	0.525	0.40638	no
548	302817	0.1608	0.4092	48013	0.1639	0.525	0.4731	no
550	301681	0.1078	0.4381	30851	0.3823	0.475	0.64896	no
551	298733	0.1281	0.4268	35415	0.2875	0.525	0.58139	no
552	292567	0.1717	0.4074	46228	0.3103	0.475	0.43995	no
554	301346	0.474	0.2526	139362	0.0955	0.525	-0.55264	YES
556	302770	0.4848	0.2474	145064	0.1065	0.525	-0.58887	YES
559	302149	0.3982	0.2916	117894	0.1375	0.525	-0.30298	no
561	294822	0.2004	0.3997	55695	0.36	0.475	0.34509	no
