sample	native_depth_X	v2_depth_X	rel_diff
547	41.7131	41.7131	0.0000
548	35.2713	35.2713	0.0000
549	11.1313	11.1313	0.0000
550	42.5671	42.5671	0.0000
551	35.5236	35.5236	0.0000
552	47.9081	47.9081	0.0000
553	3.8807	3.8807	0.0000
554	50.1859	50.1859	0.0000
555	11.2082	11.2082	0.0000
556	26.2535	26.2535	0.0000
557	2.8048	2.8048	0.0000
558	3.2674	3.2674	0.0000
559	67.7209	67.7209	0.0000
560	11.8643	11.8643	0.0000
561	25.0886	25.0886	0.0000
562	19.6335	19.6335	0.0000
563	7.6818	7.6818	0.0000
564	6.5808	6.5808	0.0000
