interval	invariant_sites	snp_records	polymorphic_snps	total_sites
Chr01	11806605	301765	30013	12108370
Chr02	5535842	151291	14539	5687133
Chr03	8624065	229263	22084	8853328
Chr04	9486402	224352	20511	9710754
Chr05	8822109	215011	17392	9037120
Chr06	10975073	258786	20242	11233859
Chr07	9814473	242129	19853	10056602
Chr08	8581676	210442	17155	8792118
Chr09	6301612	162746	13633	6464358
Chr10	6399182	166842	13801	6566024
Chr11	6676294	175777	13078	6852071
Chr12	7059711	194468	39445	7254179
Chr13	6226791	166874	17126	6393665
Chr14	8573056	204273	18007	8777329
Chr15	5674081	154850	16593	5828931
Chr16	6553460	164184	13050	6717644
Chr17	6795380	164459	13839	6959839
scaffolds	142526	4499	476	147025
TOTAL	134048338	3392011	320837	137440349
