interval	raw_sites	invariant_kept	snps_kept
Chr01	39429362	18510950	567219
Chr02	32953817	10716273	366858
Chr03	32428638	13840559	450648
Chr04	32381817	15010068	441297
Chr05	31681419	13843909	416693
Chr06	31029626	16132975	454003
Chr07	29370463	14969691	447896
Chr08	29054287	13266816	393921
Chr09	28692425	10979791	376431
Chr10	28677202	10772753	351903
Chr11	28224296	11027711	354379
Chr12	27270263	11504872	389187
Chr13	27197714	10470511	344470
Chr14	27108606	13472087	393480
Chr15	23772120	9543578	320072
Chr16	22946943	10228483	289333
Chr17	21525788	10438530	298740
scaffolds	12617622	532628	16675
TOTAL	506362408	215262185	6673205
