547	Chr01	Chr01
548	Chr01	Chr01
549	Chr01	Chr01
550	Chr01	Chr01
551	Chr01	Chr01
552	Chr01	Chr01
554	Chr01	Chr01
555	Chr01	Chr01
556	Chr01	Chr01
559	Chr01	Chr01
560	Chr01	Chr01
561	Chr01	Chr01
562	Chr01	Chr01
547	Chr02	Chr02
548	Chr02	Chr02
549	Chr02	Chr02
550	Chr02	Chr02
551	Chr02	Chr02
552	Chr02	Chr02
554	Chr02	Chr02
555	Chr02	Chr02
556	Chr02	Chr02
559	Chr02	Chr02
560	Chr02	Chr02
561	Chr02	Chr02
562	Chr02	Chr02
547	Chr03	Chr03
548	Chr03	Chr03
549	Chr03	Chr03
550	Chr03	Chr03
551	Chr03	Chr03
552	Chr03	Chr03
554	Chr03	Chr03
555	Chr03	Chr03
556	Chr03	Chr03
559	Chr03	Chr03
560	Chr03	Chr03
561	Chr03	Chr03
562	Chr03	Chr03
547	Chr04	Chr04
548	Chr04	Chr04
549	Chr04	Chr04
550	Chr04	Chr04
551	Chr04	Chr04
552	Chr04	Chr04
554	Chr04	Chr04
555	Chr04	Chr04
556	Chr04	Chr04
559	Chr04	Chr04
560	Chr04	Chr04
561	Chr04	Chr04
562	Chr04	Chr04
547	Chr05	Chr05
548	Chr05	Chr05
549	Chr05	Chr05
550	Chr05	Chr05
551	Chr05	Chr05
552	Chr05	Chr05
554	Chr05	Chr05
555	Chr05	Chr05
556	Chr05	Chr05
559	Chr05	Chr05
560	Chr05	Chr05
561	Chr05	Chr05
562	Chr05	Chr05
547	Chr06	Chr06
548	Chr06	Chr06
549	Chr06	Chr06
550	Chr06	Chr06
551	Chr06	Chr06
552	Chr06	Chr06
554	Chr06	Chr06
555	Chr06	Chr06
556	Chr06	Chr06
559	Chr06	Chr06
560	Chr06	Chr06
561	Chr06	Chr06
562	Chr06	Chr06
547	Chr07	Chr07
548	Chr07	Chr07
549	Chr07	Chr07
550	Chr07	Chr07
551	Chr07	Chr07
552	Chr07	Chr07
554	Chr07	Chr07
555	Chr07	Chr07
556	Chr07	Chr07
559	Chr07	Chr07
560	Chr07	Chr07
561	Chr07	Chr07
562	Chr07	Chr07
547	Chr08	Chr08
548	Chr08	Chr08
549	Chr08	Chr08
550	Chr08	Chr08
551	Chr08	Chr08
552	Chr08	Chr08
554	Chr08	Chr08
555	Chr08	Chr08
556	Chr08	Chr08
559	Chr08	Chr08
560	Chr08	Chr08
561	Chr08	Chr08
562	Chr08	Chr08
547	Chr09	Chr09
548	Chr09	Chr09
549	Chr09	Chr09
550	Chr09	Chr09
551	Chr09	Chr09
552	Chr09	Chr09
554	Chr09	Chr09
555	Chr09	Chr09
556	Chr09	Chr09
559	Chr09	Chr09
560	Chr09	Chr09
561	Chr09	Chr09
562	Chr09	Chr09
547	Chr10	Chr10
548	Chr10	Chr10
549	Chr10	Chr10
550	Chr10	Chr10
551	Chr10	Chr10
552	Chr10	Chr10
554	Chr10	Chr10
555	Chr10	Chr10
556	Chr10	Chr10
559	Chr10	Chr10
560	Chr10	Chr10
561	Chr10	Chr10
562	Chr10	Chr10
547	Chr11	Chr11
548	Chr11	Chr11
549	Chr11	Chr11
550	Chr11	Chr11
551	Chr11	Chr11
552	Chr11	Chr11
554	Chr11	Chr11
555	Chr11	Chr11
556	Chr11	Chr11
559	Chr11	Chr11
560	Chr11	Chr11
561	Chr11	Chr11
562	Chr11	Chr11
547	Chr12	Chr12
548	Chr12	Chr12
549	Chr12	Chr12
550	Chr12	Chr12
551	Chr12	Chr12
552	Chr12	Chr12
554	Chr12	Chr12
555	Chr12	Chr12
556	Chr12	Chr12
559	Chr12	Chr12
560	Chr12	Chr12
561	Chr12	Chr12
562	Chr12	Chr12
547	Chr13	Chr13
548	Chr13	Chr13
549	Chr13	Chr13
550	Chr13	Chr13
551	Chr13	Chr13
552	Chr13	Chr13
554	Chr13	Chr13
555	Chr13	Chr13
556	Chr13	Chr13
559	Chr13	Chr13
560	Chr13	Chr13
561	Chr13	Chr13
562	Chr13	Chr13
547	Chr14	Chr14
548	Chr14	Chr14
549	Chr14	Chr14
550	Chr14	Chr14
551	Chr14	Chr14
552	Chr14	Chr14
554	Chr14	Chr14
555	Chr14	Chr14
556	Chr14	Chr14
559	Chr14	Chr14
560	Chr14	Chr14
561	Chr14	Chr14
562	Chr14	Chr14
547	Chr15	Chr15
548	Chr15	Chr15
549	Chr15	Chr15
550	Chr15	Chr15
551	Chr15	Chr15
552	Chr15	Chr15
554	Chr15	Chr15
555	Chr15	Chr15
556	Chr15	Chr15
559	Chr15	Chr15
560	Chr15	Chr15
561	Chr15	Chr15
562	Chr15	Chr15
547	Chr16	Chr16
548	Chr16	Chr16
549	Chr16	Chr16
550	Chr16	Chr16
551	Chr16	Chr16
552	Chr16	Chr16
554	Chr16	Chr16
555	Chr16	Chr16
556	Chr16	Chr16
559	Chr16	Chr16
560	Chr16	Chr16
561	Chr16	Chr16
562	Chr16	Chr16
547	Chr17	Chr17
548	Chr17	Chr17
549	Chr17	Chr17
550	Chr17	Chr17
551	Chr17	Chr17
552	Chr17	Chr17
554	Chr17	Chr17
555	Chr17	Chr17
556	Chr17	Chr17
559	Chr17	Chr17
560	Chr17	Chr17
561	Chr17	Chr17
562	Chr17	Chr17
547	scaffolds	/dados04/jorge/CALLICARPA_2/snp_calling/results/native/scaffolds.list
548	scaffolds	/dados04/jorge/CALLICARPA_2/snp_calling/results/native/scaffolds.list
549	scaffolds	/dados04/jorge/CALLICARPA_2/snp_calling/results/native/scaffolds.list
550	scaffolds	/dados04/jorge/CALLICARPA_2/snp_calling/results/native/scaffolds.list
551	scaffolds	/dados04/jorge/CALLICARPA_2/snp_calling/results/native/scaffolds.list
552	scaffolds	/dados04/jorge/CALLICARPA_2/snp_calling/results/native/scaffolds.list
554	scaffolds	/dados04/jorge/CALLICARPA_2/snp_calling/results/native/scaffolds.list
555	scaffolds	/dados04/jorge/CALLICARPA_2/snp_calling/results/native/scaffolds.list
556	scaffolds	/dados04/jorge/CALLICARPA_2/snp_calling/results/native/scaffolds.list
559	scaffolds	/dados04/jorge/CALLICARPA_2/snp_calling/results/native/scaffolds.list
560	scaffolds	/dados04/jorge/CALLICARPA_2/snp_calling/results/native/scaffolds.list
561	scaffolds	/dados04/jorge/CALLICARPA_2/snp_calling/results/native/scaffolds.list
562	scaffolds	/dados04/jorge/CALLICARPA_2/snp_calling/results/native/scaffolds.list
